<?xml version="1.0" encoding="UTF-8"?>
<project-private xmlns="http://www.netbeans.org/ns/project-private/1">
    <editor-bookmarks xmlns="http://www.netbeans.org/ns/editor-bookmarks/2" lastBookmarkId="0"/>
    <open-files xmlns="http://www.netbeans.org/ns/projectui-open-files/2">
        <group>
            <file>file:/Users/Lord_Nightmare/NetBeansProjects/Programacion_Orientada_Objetos_UMB/Computadores/src/co/appreactor/computadores/Computador.java</file>
            <file>file:/Users/Lord_Nightmare/NetBeansProjects/Programacion_Orientada_Objetos_UMB/Computadores/src/co/appreactor/computadores/Principal.java</file>
        </group>
    </open-files>
</project-private>
